img_file,center_x,center_y,w,h,theta,drone_lat,drone_lon,drone_alt
drones.jpg,0.877128,0.393392,0.074164,0.113626,14.83,13.757657,100.503175,100.0
drones.jpg,0.304568,0.492943,0.063263,0.076754,4.02,13.757543,100.502608,100.0
drones.jpg,0.106715,0.464326,0.096277,0.116478,10.84,13.757533,100.502422,100.0
drones.jpg,0.583019,0.522489,0.022486,0.040281,86.56,13.757515,100.50285,100.0
